itemset,support,new_coverage_count
{'native.country=United-States'},0.895857006848684,29170
{'race=White'},0.8542735173981143,2195
{'income=0'},0.7591904425539756,939
{'workclass=Private'},0.6970301894904948,166
{'sex=Male'},0.6692054912318418,74
{'age=young adult'},0.48874420318786277,8
{'hours.per.week=40'},0.4673382267129388,5
{'marital.status=Married-civ-spouse'},0.4599367341297872,3
{'age=adult'},0.35603943367832686,1
